{
  "data": [
    [
      [
        1,
        null,
        996406378,
        5.555555555555555
      ],
      [
        1.6143250696799332,
        9.480157852172852,
        {
          "__enum__": "StatusType.SUCCESS"
        },
        1645101780.3898287,
        1645101790.0047517,
        {
          "val_acc": 0.28823529680569965,
          "val_precision": 0.13416041683440838
        }
      ]
    ],
    [
      [
        2,
        null,
        996406378,
        5.555555555555555
      ],
      [
        2.881410451028861,
        6.379534721374512,
        {
          "__enum__": "StatusType.SUCCESS"
        },
        1645101790.0062804,
        1645101796.5139012,
        {
          "val_acc": 0.1941176453349637,
          "val_precision": 0.006080839536053034
        }
      ]
    ],
    [
      [
        3,
        null,
        996406378,
        5.555555555555555
      ],
      [
        2.8341993682524738,
        6.5808188915252686,
        {
          "__enum__": "StatusType.SUCCESS"
        },
        1645101796.514776,
        1645101803.2281103,
        {
          "val_acc": 0.18235294037662886,
          "val_precision": 0.003460207612456747
        }
      ]
    ],
    [
      [
        4,
        null,
        996406378,
        5.555555555555555
      ],
      [
        2.1706640337027756,
        6.559620141983032,
        {
          "__enum__": "StatusType.SUCCESS"
        },
        1645101803.229397,
        1645101809.9217412,
        {
          "val_acc": 0.5901960929234823,
          "val_precision": 0.2824864914444656
        }
      ]
    ],
    [
      [
        5,
        null,
        996406378,
        5.555555555555555
      ],
      [
        1.0635616019075993,
        6.242137908935547,
        {
          "__enum__": "StatusType.SUCCESS"
        },
        1645101809.9226565,
        1645101816.2973392,
        {
          "val_acc": 0.8029411569529888,
          "val_precision": 0.4783450271300334
        }
      ]
    ],
    [
      [
        6,
        null,
        996406378,
        5.555555555555555
      ],
      [
        2.8520446076112638,
        5.524536371231079,
        {
          "__enum__": "StatusType.SUCCESS"
        },
        1645101816.29892,
        1645101821.9501805,
        {
          "val_acc": 0.17549020051956177,
          "val_precision": 0.003480702525284918
        }
      ]
    ],
    [
      [
        7,
        null,
        996406378,
        5.555555555555555
      ],
      [
        2.591888568915573,
        6.215019464492798,
        {
          "__enum__": "StatusType.SUCCESS"
        },
        1645101821.9511538,
        1645101828.2920122,
        {
          "val_acc": 0.3803921580314636,
          "val_precision": 0.057174653698836474
        }
      ]
    ],
    [
      [
        8,
        null,
        996406378,
        5.555555555555555
      ],
      [
        2.8362770978142233,
        6.097532272338867,
        {
          "__enum__": "StatusType.SUCCESS"
        },
        1645101828.2929685,
        1645101834.5179074,
        {
          "val_acc": 0.25980392203611485,
          "val_precision": 0.055469820296261664
        }
      ]
    ],
    [
      [
        9,
        null,
        996406378,
        5.555555555555555
      ],
      [
        1.7236538002304005,
        6.55337119102478,
        {
          "__enum__": "StatusType.SUCCESS"
        },
        1645101834.5188875,
        1645101841.2013881,
        {
          "val_acc": 0.599019598493389,
          "val_precision": 0.2782714050216582
        }
      ]
    ]
  ],
  "config_origins": {
    "1": "Random initial design.",
    "2": "Random initial design.",
    "3": "Random initial design.",
    "4": "Random initial design.",
    "5": "Random initial design.",
    "6": "Random initial design.",
    "7": "Random initial design.",
    "8": "Random initial design.",
    "9": "Random initial design."
  },
  "configs": {
    "1": {
      "batch_size": 512,
      "dropout_rate": 0.08016980640666257,
      "global_avg_pooling": false,
      "kernal_size": 3,
      "learning_rate": 0.016653917836732438,
      "n_channels_conv_2": 572,
      "n_channels_fc_2": 160,
      "n_conv_layers": 3,
      "n_fc_layers": 3,
      "optimizer": "Adam",
      "use_BN": true,
      "n_channels_conv_0": 15,
      "n_channels_conv_1": 231,
      "n_channels_fc_0": 71,
      "n_channels_fc_1": 14
    },
    "2": {
      "batch_size": 282,
      "dropout_rate": 0.7253369808207899,
      "global_avg_pooling": true,
      "kernal_size": 2,
      "learning_rate": 8.497121267634955e-05,
      "n_channels_conv_2": 481,
      "n_channels_fc_2": 25,
      "n_conv_layers": 1,
      "n_fc_layers": 1,
      "optimizer": "SGD",
      "use_BN": true,
      "sgd_momentum": 0.22962425340491263
    },
    "3": {
      "batch_size": 282,
      "dropout_rate": 0.4698138446694055,
      "global_avg_pooling": true,
      "kernal_size": 2,
      "learning_rate": 0.0012391928395743266,
      "n_channels_conv_2": 16,
      "n_channels_fc_2": 1779,
      "n_conv_layers": 1,
      "n_fc_layers": 3,
      "optimizer": "SGD",
      "use_BN": false,
      "n_channels_fc_0": 428,
      "n_channels_fc_1": 2029,
      "sgd_momentum": 0.7374971438579951
    },
    "4": {
      "batch_size": 512,
      "dropout_rate": 0.07235104437759886,
      "global_avg_pooling": false,
      "kernal_size": 2,
      "learning_rate": 0.03259546512750991,
      "n_channels_conv_2": 5,
      "n_channels_fc_2": 87,
      "n_conv_layers": 2,
      "n_fc_layers": 1,
      "optimizer": "Adam",
      "use_BN": false,
      "n_channels_conv_0": 54
    },
    "5": {
      "batch_size": 282,
      "dropout_rate": 0.4903178329534493,
      "global_avg_pooling": false,
      "kernal_size": 2,
      "learning_rate": 8.798712605418182e-06,
      "n_channels_conv_2": 17,
      "n_channels_fc_2": 1834,
      "n_conv_layers": 1,
      "n_fc_layers": 1,
      "optimizer": "AdamW",
      "use_BN": true
    },
    "6": {
      "batch_size": 512,
      "dropout_rate": 0.1633070669047195,
      "global_avg_pooling": true,
      "kernal_size": 2,
      "learning_rate": 5.028441789017154e-06,
      "n_channels_conv_2": 17,
      "n_channels_fc_2": 119,
      "n_conv_layers": 1,
      "n_fc_layers": 2,
      "optimizer": "SGD",
      "use_BN": true,
      "n_channels_fc_0": 16,
      "sgd_momentum": 0.9269479977255463
    },
    "7": {
      "batch_size": 128,
      "dropout_rate": 0.027932494220368566,
      "global_avg_pooling": true,
      "kernal_size": 4,
      "learning_rate": 2.860920411264689e-06,
      "n_channels_conv_2": 106,
      "n_channels_fc_2": 62,
      "n_conv_layers": 1,
      "n_fc_layers": 1,
      "optimizer": "Adam",
      "use_BN": false
    },
    "8": {
      "batch_size": 128,
      "dropout_rate": 0.4793687336449053,
      "global_avg_pooling": false,
      "kernal_size": 3,
      "learning_rate": 0.009864965109961845,
      "n_channels_conv_2": 8,
      "n_channels_fc_2": 12,
      "n_conv_layers": 2,
      "n_fc_layers": 1,
      "optimizer": "SGD",
      "use_BN": true,
      "n_channels_conv_0": 14,
      "sgd_momentum": 0.047904064781847326
    },
    "9": {
      "batch_size": 282,
      "dropout_rate": 0.629676983210243,
      "global_avg_pooling": false,
      "kernal_size": 2,
      "learning_rate": 0.036091166727441476,
      "n_channels_conv_2": 18,
      "n_channels_fc_2": 261,
      "n_conv_layers": 3,
      "n_fc_layers": 1,
      "optimizer": "Adam",
      "use_BN": true,
      "n_channels_conv_0": 160,
      "n_channels_conv_1": 7
    }
  }
}