{"configuration": {"learning_rate_init": 0.001123362169089522, "n_channels_conv_0": 1148, "n_conv_layers": 2, "n_channels_conv_1": 1536}, "top3": 0.3245098009413364, "top5": 0.5156862718217513, "precision": 0.024636727782155875, "n_params": 44579397}
{"configuration": {"learning_rate_init": 0.04351397079152045, "n_channels_conv_0": 1051, "n_conv_layers": 1}, "top3": 0.17647058589785705, "top5": 0.29411764179959016, "precision": 0.003460207612456747, "n_params": 363129}
{"configuration": {"learning_rate_init": 0.4616788656537441, "n_channels_conv_0": 1648, "n_conv_layers": 1}, "top3": 0.17647058794311446, "top5": 0.2941176438448476, "precision": 0.003460207612456747, "n_params": 561333}
{"configuration": {"learning_rate_init": 0.0003793132097255539, "n_channels_conv_0": 979, "n_conv_layers": 2, "n_channels_conv_1": 575}, "top3": 0.43235293235264577, "top5": 0.6127451015453712, "precision": 0.09565172215952421, "n_params": 14309501}
{"configuration": {"learning_rate_init": 0.022425376406560095, "n_channels_conv_0": 1507, "n_conv_layers": 1}, "top3": 0.17647058385259964, "top5": 0.29411763770907534, "precision": 0.003460207612456747, "n_params": 514521}
{"configuration": {"learning_rate_init": 0.03366983476573517, "n_channels_conv_0": 933, "n_conv_layers": 2, "n_channels_conv_1": 1271}, "top3": 0.17647058794311446, "top5": 0.294117645890105, "precision": 0.003460207612456747, "n_params": 30057827}
{"configuration": {"learning_rate_init": 0.00021838301434766935, "n_channels_conv_0": 720, "n_conv_layers": 2, "n_channels_conv_1": 1518}, "top3": 0.37647058182925575, "top5": 0.5519607774182862, "precision": 0.04651263832292941, "n_params": 27783043}
{"configuration": {"learning_rate_init": 0.38175960801084974, "n_channels_conv_0": 1098, "n_conv_layers": 1}, "top3": 0.17647058385259964, "top5": 0.29411764179959016, "precision": 0.003460207612456747, "n_params": 378733}
{"configuration": {"learning_rate_init": 0.0003258290442862364, "n_channels_conv_0": 1187, "n_conv_layers": 3, "n_channels_conv_1": 513, "n_channels_conv_2": 563}, "top3": 0.3754901878681837, "top5": 0.5686274381244883, "precision": 0.0503732804324713, "n_params": 22693363}
{"configuration": {"learning_rate_init": 0.0003793132097255539, "n_channels_conv_0": 979, "n_conv_layers": 2, "n_channels_conv_1": 575}, "top3": 0.5950980256585514, "top5": 0.7813725354624731, "precision": 0.16808136439601484, "n_params": 14309501}
{"configuration": {"batch_size": 282, "dropout_rate": 0.2, "global_avg_pooling": true, "kernel_size": 3, "learning_rate_init": 2.24496e-05, "n_channels_conv_0": 457, "n_channels_fc_2": 273, "n_conv_layers": 3, "n_fc_layers": 2, "optimizer": "Adam", "use_BN": false, "n_channels_conv_1": 511, "n_channels_conv_2": 38, "n_channels_fc_0": 27}, "top3": 0.34705881225127794, "top5": 0.46470586616618964, "precision": 0.03689380071758509, "n_params": 2291505}
{"configuration": {"batch_size": 282, "dropout_rate": 0.2, "global_avg_pooling": true, "kernel_size": 3, "learning_rate_init": 2.24496e-05, "n_channels_conv_0": 457, "n_channels_fc_2": 273, "n_conv_layers": 3, "n_fc_layers": 2, "optimizer": "Adam", "use_BN": false, "n_channels_conv_1": 511, "n_channels_conv_2": 38, "n_channels_fc_0": 27}, "top3": 0.3098039175657665, "top5": 0.40098038035280564, "precision": 0.03287862644843499, "n_params": 2291505}
{"configuration": {"batch_size": 282, "dropout_rate": 0.2, "global_avg_pooling": true, "kernel_size": 3, "learning_rate_init": 2.24496e-05, "n_channels_conv_0": 457, "n_channels_fc_2": 273, "n_conv_layers": 3, "n_fc_layers": 2, "optimizer": "Adam", "use_BN": false, "n_channels_conv_1": 511, "n_channels_conv_2": 38, "n_channels_fc_0": 27}, "top3": 0.3313725307802944, "top5": 0.46372548230357613, "precision": 0.06614391593195942, "n_params": 2291505}
{"configuration": {"batch_size": 282, "dropout_rate": 0.2, "global_avg_pooling": true, "kernel_size": 3, "learning_rate_init": 2.24496e-05, "n_channels_conv_0": 457, "n_channels_fc_2": 273, "n_conv_layers": 3, "n_fc_layers": 2, "optimizer": "Adam", "use_BN": false, "n_channels_conv_1": 511, "n_channels_conv_2": 38, "n_channels_fc_0": 27}, "top3": 0.3166666499686008, "top5": 0.4274509609914294, "precision": 0.054668053448509536, "n_params": 2291505}
{"configuration": {"batch_size": 282, "dropout_rate": 0.2, "global_avg_pooling": true, "kernal_size": 5, "learning_rate": 2.24496e-05, "n_channels_conv_2": 38, "n_channels_fc_2": 273, "n_conv_layers": 3, "n_fc_layers": 2, "optimizer": "Adam", "use_BN": false, "n_channels_conv_0": 457, "n_channels_conv_1": 511, "n_channels_fc_0": 27}, "top3": 0.8088235087254468, "top5": 0.9274509366820841, "precision": 0.3686668481932278, "n_params": 6360561}
{"configuration": {"batch_size": 512, "dropout_rate": 0.08016980640666257, "global_avg_pooling": false, "kernal_size": 3, "learning_rate": 0.016653917836732438, "n_channels_conv_2": 572, "n_channels_fc_2": 160, "n_conv_layers": 3, "n_fc_layers": 3, "optimizer": "Adam", "use_BN": true, "n_channels_conv_0": 15, "n_channels_conv_1": 231, "n_channels_fc_0": 71, "n_channels_fc_1": 14}, "top3": 0.45588236053784686, "top5": 0.6323529680569967, "precision": 0.22664772358886204, "n_params": 3562168}
{"configuration": {"batch_size": 282, "dropout_rate": 0.7253369808207899, "global_avg_pooling": true, "kernal_size": 2, "learning_rate": 8.497121267634955e-05, "n_channels_conv_2": 481, "n_channels_fc_2": 25, "n_conv_layers": 1, "n_fc_layers": 1, "optimizer": "SGD", "use_BN": true, "sgd_momentum": 0.22962425340491263}, "top3": 0.4166666465062721, "top5": 0.6352941015187432, "precision": 0.11670227177958319, "n_params": 9969}
{"configuration": {"batch_size": 282, "dropout_rate": 0.4698138446694055, "global_avg_pooling": true, "kernal_size": 2, "learning_rate": 0.0012391928395743266, "n_channels_conv_2": 16, "n_channels_fc_2": 1779, "n_conv_layers": 1, "n_fc_layers": 3, "optimizer": "SGD", "use_BN": false, "n_channels_fc_0": 428, "n_channels_fc_1": 2029, "sgd_momentum": 0.7374971438579951}, "top3": 0.38921567143178454, "top5": 0.5794117521421582, "precision": 0.0833174966762456, "n_params": 4520563}
{"configuration": {"batch_size": 512, "dropout_rate": 0.07235104437759886, "global_avg_pooling": false, "kernal_size": 2, "learning_rate": 0.03259546512750991, "n_channels_conv_2": 5, "n_channels_fc_2": 87, "n_conv_layers": 2, "n_fc_layers": 1, "optimizer": "Adam", "use_BN": false, "n_channels_conv_0": 54}, "top3": 0.593137264251709, "top5": 0.7509804169336954, "precision": 0.26100886789447864, "n_params": 597005}
{"configuration": {"batch_size": 282, "dropout_rate": 0.4903178329534493, "global_avg_pooling": false, "kernal_size": 2, "learning_rate": 8.798712605418182e-06, "n_channels_conv_2": 17, "n_channels_fc_2": 1834, "n_conv_layers": 1, "n_fc_layers": 1, "optimizer": "AdamW", "use_BN": true}, "top3": 0.794117625203787, "top5": 0.8892156638351141, "precision": 0.44619218924584586, "n_params": 268017}
{"configuration": {"batch_size": 512, "dropout_rate": 0.1633070669047195, "global_avg_pooling": true, "kernal_size": 2, "learning_rate": 5.028441789017154e-06, "n_channels_conv_2": 17, "n_channels_fc_2": 119, "n_conv_layers": 1, "n_fc_layers": 2, "optimizer": "SGD", "use_BN": true, "n_channels_fc_0": 16, "sgd_momentum": 0.9269479977255463}, "top3": 0.1764705926179886, "top5": 0.3019607861836751, "precision": 0.00108136092821684, "n_params": 1809}
{"configuration": {"batch_size": 128, "dropout_rate": 0.027932494220368566, "global_avg_pooling": true, "kernal_size": 4, "learning_rate": 2.860920411264689e-06, "n_channels_conv_2": 106, "n_channels_fc_2": 62, "n_conv_layers": 1, "n_fc_layers": 1, "optimizer": "Adam", "use_BN": false}, "top3": 0.3656862781328314, "top5": 0.5666666709909252, "precision": 0.06404772495346309, "n_params": 9937}
{"configuration": {"batch_size": 128, "dropout_rate": 0.4793687336449053, "global_avg_pooling": false, "kernal_size": 3, "learning_rate": 0.009864965109961845, "n_channels_conv_2": 8, "n_channels_fc_2": 12, "n_conv_layers": 2, "n_fc_layers": 1,