{"time_sec": 300, "accuracy": 0.917647114922018, "precision": 0.6883004269855482}
{"time_sec": 900, "accuracy": 0.9058823101660785, "precision": 0.7067397443418005}
{"time_sec": 1800, "accuracy": 0.9058823101660785, "precision": 0.7067397443418005}
{"time_sec": 3600, "accuracy": 0.9058823101660785, "precision": 0.7067397443418005}
{"time_sec": 7200, "accuracy": 0.9058823101660785, "precision": 0.7067397443418005}
{"time_sec": 10800, "accuracy": 0.9058823101660785, "precision": 0.7067397443418005}