{"model_size": 4876861, "precision": 0.010286607763160304, "top3_accuracy": 0.1892156800218657}