{
  "data": [
    [
      [
        1,
        null,
        996406378,
        5.555555555555555
      ],
      [
        1.582659520121182,
        9.104105472564697,
        {
          "__enum__": "StatusType.SUCCESS"
        },
        1645101017.1906567,
        1645101026.4785075,
        {
          "val_acc": 0.3127450992663701,
          "val_precision": 0.1355489114497125
        }
      ]
    ],
    [
      [
        2,
        null,
        996406378,
        5.555555555555555
      ],
      [
        2.8700158423068474,
        5.774188041687012,
        {
          "__enum__": "StatusType.SUCCESS"
        },
        1645101026.4807663,
        1645101032.4394407,
        {
          "val_acc": 0.1960784274865599,
          "val_precision": 0.018510948429911734
        }
      ]
    ],
    [
      [
        3,
        null,
        996406378,
        5.555555555555555
      ],
      [
        2.833392039701051,
        6.322267293930054,
        {
          "__enum__": "StatusType.SUCCESS"
        },
        1645101032.440782,
        1645101038.8894713,
        {
          "val_acc": 0.1578431281644632,
          "val_precision": 0.003384817539427549
        }
      ]
    ],
    [
      [
        4,
        null,
        996406378,
        5.555555555555555
      ],
      [
        2.088516789324143,
        6.4996888637542725,
        {
          "__enum__": "StatusType.SUCCESS"
        },
        1645101038.8903677,
        1645101045.5175655,
        {
          "val_acc": 0.6166666746139526,
          "val_precision": 0.3112698864916938
        }
      ]
    ],
    [
      [
        5,
        null,
        996406378,
        5.555555555555555
      ],
      [
        1.0401373430210001,
        6.076275825500488,
        {
          "__enum__": "StatusType.SUCCESS"
        },
        1645101045.518437,
        1645101051.723496,
        {
          "val_acc": 0.8186274161525802,
          "val_precision": 0.5173792931909204
        }
      ]
    ],
    [
      [
        6,
        null,
        996406378,
        5.555555555555555
      ],
      [
        2.859628899892171,
        5.958877801895142,
        {
          "__enum__": "StatusType.SUCCESS"
        },
        1645101051.7254252,
        1645101057.8118591,
        {
          "val_acc": 0.1764705926179886,
          "val_precision": 0.003460207612456747
        }
      ]
    ],
    [
      [
        7,
        null,
        996406378,
        5.555555555555555
      ],
      [
        2.5950722759845206,
        5.9903295040130615,
        {
          "__enum__": "StatusType.SUCCESS"
        },
        1645101057.8128953,
        1645101063.9328861,
        {
          "val_acc": 0.3911764705882353,
          "val_precision": 0.07368173252144204
        }
      ]
    ],
    [
      [
        8,
        null,
        996406378,
        5.555555555555555
      ],
      [
        2.797831450256647,
        5.7628936767578125,
        {
          "__enum__": "StatusType.SUCCESS"
        },
        1645101063.9338527,
        1645101069.8261228,
        {
          "val_acc": 0.3009803926827861,
          "val_precision": 0.07244413543637052
        }
      ]
    ],
    [
      [
        9,
        null,
        996406378,
        5.555555555555555
      ],
      [
        1.7388182123502096,
        7.047873497009277,
        {
          "__enum__": "StatusType.SUCCESS"
        },
        1645101069.827144,
        1645101077.0044575,
        {
          "val_acc": 0.6156862510185616,
          "val_precision": 0.3006728695929617
        }
      ]
    ],
    [
      [
        5,
        null,
        996406378,
        16.666666666666664
      ],
      [
        0.21107062564834078,
        12.001079559326172,
        {
          "__enum__": "StatusType.SUCCESS"
        },
        1645101077.005751,
        1645101089.1366584,
        {
          "val_acc": 0.9156862426037882,
          "val_precision": 0.5919370094751856
        }
      ]
    ]
  ],
  "config_origins": {
    "1": "Random initial design.",
    "2": "Random initial design.",
    "3": "Random initial design.",
    "4": "Random initial design.",
    "5": "Random initial design.",
    "6": "Random initial design.",
    "7": "Random initial design.",
    "8": "Random initial design.",
    "9": "Random initial design."
  },
  "configs": {
    "1": {
      "batch_size": 512,
      "dropout_rate": 0.08016980640666257,
      "global_avg_pooling": false,
      "kernal_size": 3,
      "learning_rate": 0.016653917836732438,
      "n_channels_conv_2": 572,
      "n_channels_fc_2": 160,
      "n_conv_layers": 3,
      "n_fc_layers": 3,
      "optimizer": "Adam",
      "use_BN": true,
      "n_channels_conv_0": 15,
      "n_channels_conv_1": 231,
      "n_channels_fc_0": 71,
      "n_channels_fc_1": 14
    },
    "2": {
      "batch_size": 282,
      "dropout_rate": 0.7253369808207899,
      "global_avg_pooling": true,
      "kernal_size": 2,
      "learning_rate": 8.497121267634955e-05,
      "n_channels_conv_2": 481,
      "n_channels_fc_2": 25,
      "n_conv_layers": 1,
      "n_fc_layers": 1,
      "optimizer": "SGD",
      "use_BN": true,
      "sgd_momentum": 0.22962425340491263
    },
    "3": {
      "batch_size": 282,
      "dropout_rate": 0.4698138446694055,
      "global_avg_pooling": true,
      "kernal_size": 2,
      "learning_rate": 0.0012391928395743266,
      "n_channels_conv_2": 16,
      "n_channels_fc_2": 1779,
      "n_conv_layers": 1,
      "n_fc_layers": 3,
      "optimizer": "SGD",
      "use_BN": false,
      "n_channels_fc_0": 428,
      "n_channels_fc_1": 2029,
      "sgd_momentum": 0.7374971438579951
    },
    "4": {
      "batch_size": 512,
      "dropout_rate": 0.07235104437759886,
      "global_avg_pooling": false,
      "kernal_size": 2,
      "learning_rate": 0.03259546512750991,
      "n_channels_conv_2": 5,
      "n_channels_fc_2": 87,
      "n_conv_layers": 2,
      "n_fc_layers": 1,
      "optimizer": "Adam",
      "use_BN": false,
      "n_channels_conv_0": 54
    },
    "5": {
      "batch_size": 282,
      "dropout_rate": 0.4903178329534493,
      "global_avg_pooling": false,
      "kernal_size": 2,
      "learning_rate": 8.798712605418182e-06,
      "n_channels_conv_2": 17,
      "n_channels_fc_2": 1834,
      "n_conv_layers": 1,
      "n_fc_layers": 1,
      "optimizer": "AdamW",
      "use_BN": true
    },
    "6": {
      "batch_size": 512,
      "dropout_rate": 0.1633070669047195,
      "global_avg_pooling": true,
      "kernal_size": 2,
      "learning_rate": 5.028441789017154e-06,
      "n_channels_conv_2": 17,
      "n_channels_fc_2": 119,
      "n_conv_layers": 1,
      "n_fc_layers": 2,
      "optimizer": "SGD",
      "use_BN": true,
      "n_channels_fc_0": 16,
      "sgd_momentum": 0.9269479977255463
    },
    "7": {
      "batch_size": 128,
      "dropout_rate": 0.027932494220368566,
      "global_avg_pooling": true,
      "kernal_size": 4,
      "learning_rate": 2.860920411264689e-06,
      "n_channels_conv_2": 106,
      "n_channels_fc_2": 62,
      "n_conv_layers": 1,
      "n_fc_layers": 1,
      "optimizer": "Adam",
      "use_BN": false
    },
    "8": {
      "batch_size": 128,
      "dropout_rate": 0.4793687336449053,
      "global_avg_pooling": false,
      "kernal_size": 3,
      "learning_rate": 0.009864965109961845,
      "n_channels_conv_2": 8,
      "n_channels_fc_2": 12,
      "n_conv_layers": 2,
      "n_fc_layers": 1,
      "optimizer": "SGD",
      "use_BN": true,
      "n_channels_conv_0": 14,
      "sgd_momentum": 0.047904064781847326
    },
    "9": {
      "batch_size": 282,
      "dropout_rate": 0.629676983210243,
      "global_avg_pooling": false,
      "kernal_size": 2,
      "learning_rate": 0.036091166727441476,
      "n_channels_conv_2": 18,
      "n_channels_fc_2": 261,
      "n_conv_layers": 3,
      "n_fc_layers": 1,
      "optimizer": "Adam",
      "use_BN": true,
      "n_channels_conv_0": 160,