{
  "data": [
    [
      [
        1,
        null,
        996406378,
        5.555555555555555
      ],
      [
        2147483647.0,
        0.03910684585571289,
        {
          "__enum__": "StatusType.CRASHED"
        },
        1645124396.0330086,
        1645124396.0927463,
        {}
      ]
    ]
  ],
  "config_origins": {
    "1": "Random initial design."
  },
  "configs": {
    "1": {
      "batch_size": 512,
      "dropout_rate": 0.08016980640666257,
      "global_avg_pooling": false,
      "kernal_size": 3,
      "learning_rate": 0.016653917836732438,
      "n_channels_conv_2": 572,
      "n_channels_fc_2": 160,
      "n_conv_layers": 3,
      "n_fc_layers": 3,
      "optimizer": "Adam",
      "use_BN": true,
      "n_channels_conv_0": 15,
      "n_channels_conv_1": 231,
      "n_channels_fc_0": 71,
      "n_channels_fc_1": 14
    }
  }
}